id,conversation_id,created_at,date,time,timezone,user_id,username,name,place,tweet,mentions,urls,photos,replies_count,retweets_count,likes_count,hashtags,cashtags,link,retweet,quote_url,video,near,geo,source,user_rt_id,user_rt,retweet_id,reply_to,retweet_date,translate,trans_src,trans_dest
1303779556445188096,1303779556445188096,1599680243000,2020-09-09,15:37:23,EDT,1013911038998089728,bebee_steve,CGUHSD,,"Here are some more outstanding art pieces that were done by Mr. Jimenez's Art 1 and Art 2 students while learning virtually.  Very nice work Spartans.
#CGUHSDPRIDE pic.twitter.com/oWj8UM06A5",[],[],"['https://pbs.twimg.com/media/Ehf0ecNU4AAoYHc.jpg', 'https://pbs.twimg.com/media/Ehf0f-8VkAEmnAv.jpg']",0,0,0,['#cguhsdpride'],[],https://twitter.com/bebee_steve/status/1303779556445188096,False,,0,,,,,,,"[{'user_id': '1013911038998089728', 'username': 'bebee_steve'}]",,,,
1300476433387548674,1300476433387548674,1598892718000,2020-08-31,12:51:58,EDT,1013911038998089728,bebee_steve,CGUHSD,,"We All Count CG!  If you haven't taken the time to complete the Census 2020, please help our schools by taking the time to be counted.  Click on following link for the Census Give-Away School Flyer:  https://conta.cc/34HFHjL 
#CGUHSDPRIDE pic.twitter.com/MlNOyF5Isl",[],['https://conta.cc/34HFHjL'],['https://pbs.twimg.com/media/Egw4REUUMAE2T2I.jpg'],0,0,1,['#cguhsdpride'],[],https://twitter.com/bebee_steve/status/1300476433387548674,False,,0,,,,,,,"[{'user_id': '1013911038998089728', 'username': 'bebee_steve'}]",,,,
1299463530052112385,1299463530052112385,1598651223000,2020-08-28,17:47:03,EDT,1013911038998089728,bebee_steve,CGUHSD,,"Check out the art work done with charcoal by one of  Mr. Jimenez's art students. It is amazing the quality of artwork that students can still produce even in a virtual learning environment.

#CGUHSDPRIDE pic.twitter.com/UUPS1z1fgS",[],[],['https://pbs.twimg.com/media/EgifFTBUYAIKnZN.jpg'],0,1,3,['#cguhsdpride'],[],https://twitter.com/bebee_steve/status/1299463530052112385,False,,0,,,,,,,"[{'user_id': '1013911038998089728', 'username': 'bebee_steve'}]",,,,
1298703518153314306,1298703518153314306,1598470022000,2020-08-26,15:27:02,EDT,1013911038998089728,bebee_steve,CGUHSD,,"Another creative way that CGUHSD is preparing for student and staff safety when we return to school.
#CGUHSDPRIDE pic.twitter.com/w9lNBEZAKN",[],[],['https://pbs.twimg.com/media/EgXr9prUcAEW3aL.jpg'],0,2,3,['#cguhsdpride'],[],https://twitter.com/bebee_steve/status/1298703518153314306,False,,0,,,,,,,"[{'user_id': '1013911038998089728', 'username': 'bebee_steve'}]",,,,
1295452634476756992,1295452634476756992,1597694951000,2020-08-17,16:09:11,EDT,1013911038998089728,bebee_steve,CGUHSD,,"Today we begin the 2020-21 school year in a virtual format for our students. Welcome back students and staff, we are glad you are back with us.

#CGUHSDPRIDE pic.twitter.com/jhcasAGrFE",[],[],['https://pbs.twimg.com/media/EfpfLThVAAAp4_L.jpg'],0,1,2,['#cguhsdpride'],[],https://twitter.com/bebee_steve/status/1295452634476756992,False,,0,,,,,,,"[{'user_id': '1013911038998089728', 'username': 'bebee_steve'}]",,,,
1294020663909310464,1294020663909310464,1597353542000,2020-08-13,17:19:02,EDT,1013911038998089728,bebee_steve,CGUHSD,,"CGUHSD has a new proposed date for starting our Modified In-Person learning model.  Click on the link for more information:
 http://www.cguhsd.org/doNewsletter.aspx …
#CGUHSDPRIDE pic.twitter.com/Na3aSV8CG5",[],['http://www.cguhsd.org/doNewsletter.aspx'],['https://pbs.twimg.com/media/EfVIzmrVoAAzfiY.jpg'],0,1,2,['#cguhsdpride'],[],https://twitter.com/bebee_steve/status/1294020663909310464,False,,0,,,,,,,"[{'user_id': '1013911038998089728', 'username': 'bebee_steve'}]",,,,
1290361615762653184,1290361615762653184,1596481157000,2020-08-03,14:59:17,EDT,1013911038998089728,bebee_steve,CGUHSD,,"CGUHSD is gearing up for the 2020-21 school year.  Click on the following link for the latest information:

 http://www.cguhsd.org/protected/ArticleView.aspx?iid=6G0UBA2&dasi=4GPG2 …
#CGUHSDPRIDE pic.twitter.com/kGZMvs9irs",[],['http://www.cguhsd.org/protected/ArticleView.aspx?iid=6G0UBA2&dasi=4GPG2'],['https://pbs.twimg.com/media/EehI_s9U8AASt_J.jpg'],0,0,0,['#cguhsdpride'],[],https://twitter.com/bebee_steve/status/1290361615762653184,False,,0,,,,,,,"[{'user_id': '1013911038998089728', 'username': 'bebee_steve'}]",,,,
1286319640524685317,1286319640524685317,1595517475000,2020-07-23,11:17:55,EDT,1013911038998089728,bebee_steve,CGUHSD,,"Registration is open for both Casa Grande Union and Vista Grande High Schools. Here is the registration link:

 http://www.cguhsd.org/doEnrollment.aspx …
#CGUHSDPRIDE pic.twitter.com/XhS51YS0Ey",[],['http://www.cguhsd.org/doEnrollment.aspx'],['https://pbs.twimg.com/media/EdnsrNoUMAIwL-f.jpg'],0,0,0,['#cguhsdpride'],[],https://twitter.com/bebee_steve/status/1286319640524685317,False,,0,,,,,,,"[{'user_id': '1013911038998089728', 'username': 'bebee_steve'}]",,,,
1284532218103164928,1284532218103164928,1595091320000,2020-07-18,12:55:20,EDT,1013911038998089728,bebee_steve,CGUHSD,,"Here is the latest information about schools reopening in CGUHSD.

 http://www.cguhsd.org/doReopeningPlan.aspx …
#CGUHSDPRIDE pic.twitter.com/4Rd4jnfNdi",[],['http://www.cguhsd.org/doReopeningPlan.aspx'],['https://pbs.twimg.com/media/EdOTNfAUMAA-TXO.jpg'],1,0,2,['#cguhsdpride'],[],https://twitter.com/bebee_steve/status/1284532218103164928,False,,0,,,,,,,"[{'user_id': '1013911038998089728', 'username': 'bebee_steve'}]",,,,
1282710286806343683,1282710286806343683,1594656938000,2020-07-13,12:15:38,EDT,1013911038998089728,bebee_steve,CGUHSD,,"Click on the following link to learn about CGUHSD's plans for reopening our schools for the 2020-21 school year.
 http://www.cguhsd.org/doReopeningPlan.aspx …
#CGUHSDPRIDE pic.twitter.com/fBwxAXXbAU",[],['http://www.cguhsd.org/doReopeningPlan.aspx'],['https://pbs.twimg.com/media/Ec0aHJpUMAAgS5g.jpg'],0,0,0,['#cguhsdpride'],[],https://twitter.com/bebee_steve/status/1282710286806343683,False,,0,,,,,,,"[{'user_id': '1013911038998089728', 'username': 'bebee_steve'}]",,,,
1263607411861909506,1263607411861909506,1590102458000,2020-05-21,19:07:38,EDT,1013911038998089728,bebee_steve,CGUHSD,,"Check out Brynna McQuillen's 2020 Scholar Athlete Award acceptance speech. VGHS Spartan's stand out cross-country and track student athlete, Brynna McQuillen, acceptance speech after being awarded the prestigious AIA 2020 Scholar Athlete.
 https://youtu.be/zyJCfmelbj4 
#CGUHSDPRIDE pic.twitter.com/SbvMAmT8V6",[],['https://youtu.be/zyJCfmelbj4'],['https://pbs.twimg.com/media/EYk8JhEU8AAPbMt.png'],0,0,0,['#cguhsdpride'],[],https://twitter.com/bebee_steve/status/1263607411861909506,False,,0,,,,,,,"[{'user_id': '1013911038998089728', 'username': 'bebee_steve'}]",,,,
1263601776780914689,1263601776780914689,1590101114000,2020-05-21,18:45:14,EDT,1013911038998089728,bebee_steve,CGUHSD,,"Check out the amazing art work done by the students in Mr. Jimenez's art classes at Vista Grande this year by clicking on the following link:

 http://www.vistagrandeartgallery.com 
#CGUHSDPRIDE pic.twitter.com/sKrZHb3QMN",[],['http://www.vistagrandeartgallery.com'],['https://pbs.twimg.com/media/EYk29tVVAAAoTkY.jpg'],0,0,0,['#cguhsdpride'],[],https://twitter.com/bebee_steve/status/1263601776780914689,False,,0,,,,,,,"[{'user_id': '1013911038998089728', 'username': 'bebee_steve'}]",,,,
1255989607230894080,1255989607230894080,1588286232000,2020-04-30,18:37:12,EDT,1013911038998089728,bebee_steve,CGUHSD,,"Thank you to CGUHSD Governing Board Member Joe Lopez and Lopez Automotive for providing internship opportunities for our students.  Click o the link to read the full story:

 https://www.pinalcentral.com/eedition/special_sections/page-10/page_8731045e-21f6-5fdc-9ee2-ccfd1f483a5a.html …
#CGUHSDPRIDE pic.twitter.com/1vJQ52yO08",[],['https://www.pinalcentral.com/eedition/special_sections/page-10/page_8731045e-21f6-5fdc-9ee2-ccfd1f483a5a.html'],['https://pbs.twimg.com/media/EW4rxPkU4AABoWN.jpg'],0,1,4,['#cguhsdpride'],[],https://twitter.com/bebee_steve/status/1255989607230894080,False,,0,,,,,,,"[{'user_id': '1013911038998089728', 'username': 'bebee_steve'}]",,,,
1252968833498791936,1252968833498791936,1587566023000,2020-04-22,10:33:43,EDT,1013911038998089728,bebee_steve,CGUHSD,,"Check out the April edition of the CGUHSD Express by clicking on the following link:  Stay Healthy and stay safe.

 http://www.cguhsd.org/downloads/CGUHSD-Newsletter-202004.pdf …
#CGUHSDPRIDE pic.twitter.com/GSRxmhMJ2G",[],['http://www.cguhsd.org/downloads/CGUHSD-Newsletter-202004.pdf'],['https://pbs.twimg.com/media/EWNwZ3PUcAIr5_f.jpg'],0,0,0,['#cguhsdpride'],[],https://twitter.com/bebee_steve/status/1252968833498791936,False,,0,,,,,,,"[{'user_id': '1013911038998089728', 'username': 'bebee_steve'}]",,,,
1249733630332567553,1249733630332567553,1586794691000,2020-04-13,12:18:11,EDT,1013911038998089728,bebee_steve,CGUHSD,,"This morning at Vista Grande, we prep for concrete for the CTE Construction Program.
#CGUHSDPRIDE pic.twitter.com/LtifhuCTf2",[],[],['https://pbs.twimg.com/media/EVfyG8OUcAA0eW0.jpg'],0,0,10,['#cguhsdpride'],[],https://twitter.com/bebee_steve/status/1249733630332567553,False,,0,,,,,,,"[{'user_id': '1013911038998089728', 'username': 'bebee_steve'}]",,,,
1244700860807958529,1244700860807958529,1585594785000,2020-03-30,14:59:45,EDT,1013911038998089728,bebee_steve,CGUHSD,,"Governor Ducey and Superintendent Hoffman announced this morning the closure of all Arizona Schools through the remainder of the 2019-20 school year. Please click on the link for our latest update letter:

   http://www.cguhsd.org/downloads/CGUHSD-COVID19SuperintendentLetter-Current.pdf …
#CGUHSDPRIDE pic.twitter.com/Sgn9YrZZeO",[],['http://www.cguhsd.org/downloads/CGUHSD-COVID19SuperintendentLetter-Current.pdf'],['https://pbs.twimg.com/media/EUYQu53UMAAKBhv.jpg'],0,3,4,['#cguhsdpride'],[],https://twitter.com/bebee_steve/status/1244700860807958529,False,,0,,,,,,,"[{'user_id': '1013911038998089728', 'username': 'bebee_steve'}]",,,,
1242600462760566784,1242600462760566784,1585094011000,2020-03-24,19:53:31,EDT,1013911038998089728,bebee_steve,CGUHSD,,"CGUHSD Families - here is the link to the latest update on school closures. We will continue to communicate when new information is available.

 http://www.cguhsd.org/Downloads/COVID-19%20Update%20Letter-March%2024.pdf …
#CGHUHSDPRIDE pic.twitter.com/EUuvs6sxG6",[],['http://www.cguhsd.org/Downloads/COVID-19%20Update%20Letter-March%2024.pdf'],['https://pbs.twimg.com/media/ET6aToNUcAAM_0e.jpg'],0,2,6,['#cghuhsdpride'],[],https://twitter.com/bebee_steve/status/1242600462760566784,False,,0,,,,,,,"[{'user_id': '1013911038998089728', 'username': 'bebee_steve'}]",,,,
1239597336340226048,1239597336340226048,1584378010000,2020-03-16,13:00:10,EDT,1013911038998089728,bebee_steve,CGUHSD,,"CGUHSD Families and Staff this  is the link to the web post regarding the COVID19 and school closures:

 http://www.cguhsd.org/CGUHSD-SchoolClosure-Covid19.aspx … pic.twitter.com/WztHw1s4NK",[],['http://www.cguhsd.org/CGUHSD-SchoolClosure-Covid19.aspx'],['https://pbs.twimg.com/media/ETPvNGwVAAAOSJb.jpg'],0,2,5,[],[],https://twitter.com/bebee_steve/status/1239597336340226048,False,,0,,,,,,,"[{'user_id': '1013911038998089728', 'username': 'bebee_steve'}]",,,,
1238583706966609920,1238583706966609920,1584136342000,2020-03-13,17:52:22,EDT,1013911038998089728,bebee_steve,CGUHSD,,"Check out the March edition of the CGUHSD Express by clicking on the link below:
 http://www.cguhsd.org/downloads/CGUHSD-Newsletter-202003.pdf …
#CGUHSDPRIDE pic.twitter.com/UyttESWZCt",[],['http://www.cguhsd.org/downloads/CGUHSD-Newsletter-202003.pdf'],['https://pbs.twimg.com/media/ETBVMKVUYAAMYtP.jpg'],0,0,1,['#cguhsdpride'],[],https://twitter.com/bebee_steve/status/1238583706966609920,False,,0,,,,,,,"[{'user_id': '1013911038998089728', 'username': 'bebee_steve'}]",,,,
1238484257590226944,1238484257590226944,1584112631000,2020-03-13,11:17:11,EDT,1013911038998089728,bebee_steve,CGUHSD,,The Vista Grande band and choir concert was amazing last night. Great job Spartans! #CGUHSDPRIDE pic.twitter.com/VrxoeG350h,[],[],"['https://pbs.twimg.com/media/ES_61HNUcAEjsgc.jpg', 'https://pbs.twimg.com/media/ES_611GVAAAw7Yp.jpg', 'https://pbs.twimg.com/media/ES_62fwUwAMeqGT.jpg']",0,0,2,['#cguhsdpride'],[],https://twitter.com/bebee_steve/status/1238484257590226944,False,,0,,,,,,,"[{'user_id': '1013911038998089728', 'username': 'bebee_steve'}]",,,,
1237399231201046528,1237399231201046528,1583853941000,2020-03-10,11:25:41,EDT,1013911038998089728,bebee_steve,CGUHSD,,"On Saturday the Vista Grande hosted their annual 5K Baseball Cross Country run walk. Nice job Spartans!
#CGUHSDPRIDE pic.twitter.com/XDSno4mRM4",[],[],"['https://pbs.twimg.com/media/ESwgCJ2UMAAuGHk.jpg', 'https://pbs.twimg.com/media/ESwgCJQVAAUoYQX.jpg', 'https://pbs.twimg.com/media/ESwgCJQVAAg3k9N.jpg']",1,1,3,['#cguhsdpride'],[],https://twitter.com/bebee_steve/status/1237399231201046528,False,,0,,,,,,,"[{'user_id': '1013911038998089728', 'username': 'bebee_steve'}]",,,,
1237065051699216389,1237065051699216389,1583774266000,2020-03-09,13:17:46,EDT,1013911038998089728,bebee_steve,CGUHSD,,Congratulations to the Vista Grande Theater Company on their production of Steel Magnolias last week. Great job Spartans! #CGUHSDPRIDE pic.twitter.com/WVMwKoc0Nm,[],[],"['https://pbs.twimg.com/media/ESrwFzBVAAI2QCS.jpg', 'https://pbs.twimg.com/media/ESrwFy_UEAYhEzR.jpg']",0,0,3,['#cguhsdpride'],[],https://twitter.com/bebee_steve/status/1237065051699216389,False,,0,,,,,,,"[{'user_id': '1013911038998089728', 'username': 'bebee_steve'}]",,,,
1236347182657048577,1236347182657048577,1583603113000,2020-03-07,12:45:13,EDT,1013911038998089728,bebee_steve,CGUHSD,,The second annual Casa Grande STEAM Fair is underway this morning. Thank you to all of those people who made it possible! What a great day for our students! #CGUHSDPRIDE pic.twitter.com/cmTCoQa3IY,[],[],"['https://pbs.twimg.com/media/EShjGcQU4AAE9WY.jpg', 'https://pbs.twimg.com/media/EShjH4PU8AUZnEE.jpg', 'https://pbs.twimg.com/media/EShjJv-UUAEgPYM.jpg', 'https://pbs.twimg.com/media/EShjMVNUYAEItNT.jpg']",0,0,6,['#cguhsdpride'],[],https://twitter.com/bebee_steve/status/1236347182657048577,False,,0,,,,,,,"[{'user_id': '1013911038998089728', 'username': 'bebee_steve'}]",,,,
1236139171875401729,1236139171875401729,1583553519000,2020-03-06,22:58:39,EDT,1013911038998089728,bebee_steve,CGUHSD,,Congratulations to all of the students from Casa Grande Union and Vista Grande who received their Cesar E. Chavez scholarships tonight.  Way to go Class of 2020! #CGUHSDPRIDE pic.twitter.com/NK8Gc50Bpp,[],[],['https://pbs.twimg.com/media/ESel_9dUcAIKN_S.jpg'],0,1,16,['#cguhsdpride'],[],https://twitter.com/bebee_steve/status/1236139171875401729,False,,0,,,,,,,"[{'user_id': '1013911038998089728', 'username': 'bebee_steve'}]",,,,
1236025976775008256,1236025976775008256,1583526531000,2020-03-06,15:28:51,EDT,1013911038998089728,bebee_steve,CGUHSD,,"Check out the SciTech Festival at CG Union today. Job well done Cougars!
#CGUHSDPRIDE pic.twitter.com/4DciOf7gjU",[],[],"['https://pbs.twimg.com/media/ESc_EoUVAAA_Snk.jpg', 'https://pbs.twimg.com/media/ESc_EoQUYAAHL3W.jpg', 'https://pbs.twimg.com/media/ESc_EoRUEAI9r5J.jpg', 'https://pbs.twimg.com/media/ESc_EoQUcAAaeo2.jpg']",0,2,8,['#cguhsdpride'],[],https://twitter.com/bebee_steve/status/1236025976775008256,False,,0,,,,,,,"[{'user_id': '1013911038998089728', 'username': 'bebee_steve'}]",,,,
1236020520660787201,1236020520660787201,1583525230000,2020-03-06,15:07:10,EDT,1013911038998089728,bebee_steve,CGUHSD,,Check out the CG Union FFA who traveled 150 miles across Pinal County delivering 125 meals to local farmers and dairymen to show their appreciation. Nice job Cougars! #CGUHSDPRIDE https://youtu.be/VdT-ApZYuPA ,[],['https://youtu.be/VdT-ApZYuPA'],[],0,0,1,['#cguhsdpride'],[],https://twitter.com/bebee_steve/status/1236020520660787201,False,,0,,,,,,,"[{'user_id': '1013911038998089728', 'username': 'bebee_steve'}]",,,,
1235567630833991680,1235567630833991680,1583417253000,2020-03-05,09:07:33,EDT,1013911038998089728,bebee_steve,CGUHSD,,A huge thank you to the Palm Creek Chorus for their generous donation to the Vista Grande music program last night! #CGUHSDPRIDE pic.twitter.com/Ep3wKZQwJM,[],[],"['https://pbs.twimg.com/media/ESWeNC0U4AAjVvY.jpg', 'https://pbs.twimg.com/media/ESWeNWoUMAE_ATF.jpg']",0,0,1,['#cguhsdpride'],[],https://twitter.com/bebee_steve/status/1235567630833991680,False,,0,,,,,,,"[{'user_id': '1013911038998089728', 'username': 'bebee_steve'}]",,,,
1235382452366880774,1235382452366880774,1583373103000,2020-03-04,20:51:43,EDT,1013911038998089728,bebee_steve,CGUHSD,,"It was Signing Day at Vista Grande today. Congratulations to the following:Left to right: Sr. Tristen Davis- Gateway CC for women’s soccer, Sr. Alexis Trejo- Gateway CC for women’s soccer, and Sr. Carlee Meiner- Park University Gilbert for women’s basketball.
#CGUHSDPRIDE pic.twitter.com/ddN5TZI1jH",[],[],['https://pbs.twimg.com/media/EST1yj8U4AAp7J5.jpg'],1,1,5,['#cguhsdpride'],[],https://twitter.com/bebee_steve/status/1235382452366880774,False,,0,,,,,,,"[{'user_id': '1013911038998089728', 'username': 'bebee_steve'}]",,,,
1235381654849384448,1235381654849384448,1583372913000,2020-03-04,20:48:33,EDT,1013911038998089728,bebee_steve,CGUHSD,,The STEAM fair at Vista Grande was a huge hit for all students involved yesterday. Nice job Spartans! #CGUHSDPRIDE pic.twitter.com/7rF3MQPrtb,[],[],"['https://pbs.twimg.com/media/EST1DNoUEAEpMky.jpg', 'https://pbs.twimg.com/media/EST1DhmU4AA85Z0.jpg', 'https://pbs.twimg.com/media/EST1D1xUMAA3dYv.jpg', 'https://pbs.twimg.com/media/EST1ENkU0AAsQMy.jpg']",0,1,2,['#cguhsdpride'],[],https://twitter.com/bebee_steve/status/1235381654849384448,False,,0,,,,,,,"[{'user_id': '1013911038998089728', 'username': 'bebee_steve'}]",,,,
1233514953870598144,1233514953870598144,1582927857000,2020-02-28,17:10:57,EDT,1013911038998089728,bebee_steve,CGUHSD,,Check out the Vista Grande spring sports assembly that took place today. Way to go Spartans! #CGUHSDPRIDE pic.twitter.com/qn6QZcdRwK,[],[],"['https://pbs.twimg.com/media/ER5TThEWsAAc97R.jpg', 'https://pbs.twimg.com/media/ER5TThEWsAIY04R.jpg', 'https://pbs.twimg.com/media/ER5TThPXsAI24yT.jpg', 'https://pbs.twimg.com/media/ER5TThEWkAE6yRw.jpg']",0,0,4,['#cguhsdpride'],[],https://twitter.com/bebee_steve/status/1233514953870598144,False,,0,,,,,,,"[{'user_id': '1013911038998089728', 'username': 'bebee_steve'}]",,,,
1233514176594595840,1233514176594595840,1582927671000,2020-02-28,17:07:51,EDT,1013911038998089728,bebee_steve,CGUHSD,,Congratulations to the Vista Grande Varsity Baseball Team for their 16-2 win against Tempe today. #CGUHSDPRIDE pic.twitter.com/vfIT5BnGxf,[],[],[],1,1,8,['#cguhsdpride'],[],https://twitter.com/bebee_steve/status/1233514176594595840,False,,1,,,,,,,"[{'user_id': '1013911038998089728', 'username': 'bebee_steve'}]",,,,
1232845971345858569,1232845971345858569,1582768359000,2020-02-26,20:52:39,EDT,1013911038998089728,bebee_steve,CGUHSD,,"Congratulations to Christi Saucedo, Delta Kappa Gamma’s outstanding  educator of the year for Vista Grande High School. Thank you Mrs. Saucedo for all that you do for your Vista Grande family. #CGUHSDPRIDE pic.twitter.com/i9TiL7IwZ1",[],[],['https://pbs.twimg.com/media/ERvy35fVUAUSXjl.jpg'],0,0,4,['#cguhsdpride'],[],https://twitter.com/bebee_steve/status/1232845971345858569,False,,0,,,,,,,"[{'user_id': '1013911038998089728', 'username': 'bebee_steve'}]",,,,
1232845496189775872,1232845496189775872,1582768246000,2020-02-26,20:50:46,EDT,1013911038998089728,bebee_steve,CGUHSD,,"It was Senior Night  for the Varsity Track Team at Vista Grande tonight. Congratulations to all of the Seniors and their families.
#CGUHSDPRIDE pic.twitter.com/RnOJjQAEhV",[],[],['https://pbs.twimg.com/media/ERvycPmU8AAo8m2.jpg'],0,0,2,['#cguhsdpride'],[],https://twitter.com/bebee_steve/status/1232845496189775872,False,,0,,,,,,,"[{'user_id': '1013911038998089728', 'username': 'bebee_steve'}]",,,,
1232844758671716355,1232844758671716355,1582768070000,2020-02-26,20:47:50,EDT,1013911038998089728,bebee_steve,CGUHSD,,"Check out the CTE Career Fair at Stanfield Elementary School today.

#CGUHSDPRIDE pic.twitter.com/hTXMo8ymwR",[],[],"['https://pbs.twimg.com/media/ERvxxWeU8AAN43j.jpg', 'https://pbs.twimg.com/media/ERvxxWgU8AA_327.jpg']",0,0,1,['#cguhsdpride'],[],https://twitter.com/bebee_steve/status/1232844758671716355,False,,0,,,,,,,"[{'user_id': '1013911038998089728', 'username': 'bebee_steve'}]",,,,
1232025409488769025,1232025409488769025,1582572722000,2020-02-24,14:32:02,EDT,1013911038998089728,bebee_steve,CGUHSD,,"Saturday CG Union hosted the Casa Grande Winter Invitational.  They had almost 40 schools that came out to compete.  Congratulations to the Casa Grande Indoor Percussion Ensemble on their 1st place finish, and to the Casa Grande Colorguard on their 2nd place finish.
#CGUHSDPRIDE pic.twitter.com/V0mdHDmdlg",[],[],"['https://pbs.twimg.com/media/ERkIkNXVUAAjqUu.jpg', 'https://pbs.twimg.com/media/ERkIkNVUwAA4YWV.jpg']",0,0,2,['#cguhsdpride'],[],https://twitter.com/bebee_steve/status/1232025409488769025,False,,0,,,,,,,"[{'user_id': '1013911038998089728', 'username': 'bebee_steve'}]",,,,
1232024586931167232,1232024586931167232,1582572526000,2020-02-24,14:28:46,EDT,1013911038998089728,bebee_steve,CGUHSD,,"CG Union students took it upon themselves to help security staff James celebrate his birthday. Cake and well wishes to him! 

#CGUHSDPRIDE pic.twitter.com/5e4CaQ7vl8",[],[],['https://pbs.twimg.com/media/ERkH01RUEAEBrDL.jpg'],0,1,7,['#cguhsdpride'],[],https://twitter.com/bebee_steve/status/1232024586931167232,False,,0,,,,,,,"[{'user_id': '1013911038998089728', 'username': 'bebee_steve'}]",,,,
1230927225785966592,1230927225785966592,1582310894000,2020-02-21,13:48:14,EDT,1013911038998089728,bebee_steve,CGUHSD,,"Thank you to Governing Board Member Chuck Wright who hosted our DECA Sponsors and students for the Chamber Biz Outlook luncheon today.
#CGUHSDPRIDE pic.twitter.com/tIS6veDaQb",[],[],['https://pbs.twimg.com/media/ERUhvoUUYAEGFzO.jpg'],0,1,9,['#cguhsdpride'],[],https://twitter.com/bebee_steve/status/1230927225785966592,False,,0,,,,,,,"[{'user_id': '1013911038998089728', 'username': 'bebee_steve'}]",,,,
1230926398572728321,1230926398572728321,1582310697000,2020-02-21,13:44:57,EDT,1013911038998089728,bebee_steve,CGUHSD,,"Check out the Vista Grande Social Studies students who showed up dressed to impress for College Con at CAVIT this week.
#CGUHSDPRIDE pic.twitter.com/PVs1GeQekj",[],[],['https://pbs.twimg.com/media/ERUg-0eU8AAHnvP.jpg'],0,0,4,['#cguhsdpride'],[],https://twitter.com/bebee_steve/status/1230926398572728321,False,,0,,,,,,,"[{'user_id': '1013911038998089728', 'username': 'bebee_steve'}]",,,,
1230500109042847750,1230500109042847750,1582209062000,2020-02-20,09:31:02,EDT,1013911038998089728,bebee_steve,CGUHSD,,"Yesterday the Vista Grande Key Club sponsored a blood drive for their campus. Well done Spartans!
#CGUHSDPRIDE pic.twitter.com/mm8c95S7Wf",[],[],['https://pbs.twimg.com/media/EROdUylUcAA10tz.jpg'],0,0,2,['#cguhsdpride'],[],https://twitter.com/bebee_steve/status/1230500109042847750,False,,0,,,,,,,"[{'user_id': '1013911038998089728', 'username': 'bebee_steve'}]",,,,
1230499595022565379,1230499595022565379,1582208939000,2020-02-20,09:28:59,EDT,1013911038998089728,bebee_steve,CGUHSD,,"Check out the Vista Grande Construction class building projects for the baseball field. Nice job Spartans!
#CGUHSDPRIDE",[],[],[],0,1,3,['#cguhsdpride'],[],https://twitter.com/bebee_steve/status/1230499595022565379,False,,0,,,,,,,"[{'user_id': '1013911038998089728', 'username': 'bebee_steve'}]",,,,
1230333928310919169,1230333928310919169,1582169441000,2020-02-19,22:30:41,EDT,1013911038998089728,bebee_steve,CGUHSD,,The CGUHSD Workforce Development Steering Committee had the opportunity to tour the Brewer Companies Plumbing Academy this evening. What a great partnership. #CGUHSDPRIDE pic.twitter.com/SI3WgMyvkW,[],[],['https://pbs.twimg.com/media/ERMGLBpUEAEGlD2.jpg'],0,0,5,['#cguhsdpride'],[],https://twitter.com/bebee_steve/status/1230333928310919169,False,,0,,,,,,,"[{'user_id': '1013911038998089728', 'username': 'bebee_steve'}]",,,,
1229772278126088193,1229772278126088193,1582035533000,2020-02-18,09:18:53,EDT,1013911038998089728,bebee_steve,CGUHSD,,"Congratulations to the CG Union JROTC drill team who competed in West Mitchell invitational drill meet. The drill team finished 2nd overall, earning a $200.00 check and the 2nd place trophy. Congratulations to Casa Grande Union High School JROTC drill team. 

#CGUHSDPRIDE pic.twitter.com/KZ0IbXUuww",[],[],['https://pbs.twimg.com/media/EREHXmoU0AE4YBg.jpg'],0,0,3,['#cguhsdpride'],[],https://twitter.com/bebee_steve/status/1229772278126088193,False,,0,,,,,,,"[{'user_id': '1013911038998089728', 'username': 'bebee_steve'}]",,,,
1229409742952390656,1229409742952390656,1581949098000,2020-02-17,09:18:18,EDT,1013911038998089728,bebee_steve,CGUHSD,,"The Vista Grande Skills USA team at the Region 3 competition, placed in every event they participated in! 

1st Place & 2nd Place Technical Theatre 
1st Place Outstanding Chapter
1st Place Career Pathways
1st Place Extemporaneous Speech
1st Place Job Interview 

#CGUHSDPRIDE pic.twitter.com/sBM1qOQ98i",[],[],"['https://pbs.twimg.com/media/EQ-9pOBUcAE8MJv.jpg', 'https://pbs.twimg.com/media/EQ-9pOCVUAAGNmA.jpg']",0,0,5,['#cguhsdpride'],[],https://twitter.com/bebee_steve/status/1229409742952390656,False,,0,,,,,,,"[{'user_id': '1013911038998089728', 'username': 'bebee_steve'}]",,,,
1228078744545267712,1228078744545267712,1581631763000,2020-02-13,17:09:23,EDT,1013911038998089728,bebee_steve,CGUHSD,,"Check out the February edition of the CGUHSD Express by clicking on the following link:

 http://www.cguhsd.org/downloads/CGUHSD-Newsletter-202002.pdf …
#CGUHSDPRIDE pic.twitter.com/1TsLjRYHNZ",[],['http://www.cguhsd.org/downloads/CGUHSD-Newsletter-202002.pdf'],['https://pbs.twimg.com/media/EQsDGjZU8AUaedB.jpg'],0,0,1,['#cguhsdpride'],[],https://twitter.com/bebee_steve/status/1228078744545267712,False,,0,,,,,,,"[{'user_id': '1013911038998089728', 'username': 'bebee_steve'}]",,,,
1225602589565145088,1225602589565145088,1581041402000,2020-02-06,21:10:02,EDT,1013911038998089728,bebee_steve,CGUHSD,,It is Senior Night tonight for the Vista Grande Varsity Boys Basketball Team. Congratulations to their  senior and his  family. #CGUHSDPRIDE pic.twitter.com/7wpwwhxBLX,[],[],['https://pbs.twimg.com/media/EQI3DQiU4AAFOLT.jpg'],0,0,1,['#cguhsdpride'],[],https://twitter.com/bebee_steve/status/1225602589565145088,False,,0,,,,,,,"[{'user_id': '1013911038998089728', 'username': 'bebee_steve'}]",,,,
1225602079030251520,1225602079030251520,1581041280000,2020-02-06,21:08:00,EDT,1013911038998089728,bebee_steve,CGUHSD,,It is Senior Night tonight for the Vista Grande Varsity Spirit Line. Congratulations to all of the seniors and their families! #CGUHSDPRIDE pic.twitter.com/SDNXu41Maf,[],[],['https://pbs.twimg.com/media/EQI2lqZUcAAXzJ8.jpg'],0,0,0,['#cguhsdpride'],[],https://twitter.com/bebee_steve/status/1225602079030251520,False,,0,,,,,,,"[{'user_id': '1013911038998089728', 'username': 'bebee_steve'}]",,,,
1225601714922803200,1225601714922803200,1581041194000,2020-02-06,21:06:34,EDT,1013911038998089728,bebee_steve,CGUHSD,,It is Senior Night tonight for the CG Union Varsity Boys Basketball Team. Congratulations to all of the seniors and their families! #CGUHSDPRIDE pic.twitter.com/xvX0ZgVS5z,[],[],['https://pbs.twimg.com/media/EQI2QqCU0AEpu6v.jpg'],0,3,5,['#cguhsdpride'],[],https://twitter.com/bebee_steve/status/1225601714922803200,False,,0,,,,,,,"[{'user_id': '1013911038998089728', 'username': 'bebee_steve'}]",,,,
1225583416847949825,1225583416847949825,1581036831000,2020-02-06,19:53:51,EDT,1013911038998089728,bebee_steve,CGUHSD,,It is Senior Night tonight for the Vista Grande Varsity Boys Soccer Team. Congratulations to all of the seniors and their families! #CGUHSDPRIDE pic.twitter.com/8vy7BZOrUv,[],[],['https://pbs.twimg.com/media/EQIlnQ2UUAAbZJN.jpg'],0,1,4,['#cguhsdpride'],[],https://twitter.com/bebee_steve/status/1225583416847949825,False,,0,,,,,,,"[{'user_id': '1013911038998089728', 'username': 'bebee_steve'}]",,,,
1225097668768124928,1225097668768124928,1580921020000,2020-02-05,11:43:40,EDT,1013911038998089728,bebee_steve,CGUHSD,,"CGUHSD students, DECA wants to know....What CTE program are you involved in, and why did you choose that program?

#CGUHSDPRIDE pic.twitter.com/uV5zFDz6NY",[],[],['https://pbs.twimg.com/media/EQBr1cwUYAEyn2w.jpg'],0,0,3,['#cguhsdpride'],[],https://twitter.com/bebee_steve/status/1225097668768124928,False,,0,,,,,,,"[{'user_id': '1013911038998089728', 'username': 'bebee_steve'}]",,,,
1224894492949409792,1224894492949409792,1580872579000,2020-02-04,22:16:19,EDT,1013911038998089728,bebee_steve,CGUHSD,,"Congratulations to Vista Grande’s Carlee Meiner who joined Danielle Deathridge as the 2nd Vista Girls Basketball student athlete to have 1,000 career points tonight. #CGUHSDPRIDE pic.twitter.com/6dpbEcMbd6",[],[],['https://pbs.twimg.com/media/EP-zC-WU8AAn5aW.jpg'],0,0,2,['#cguhsdpride'],[],https://twitter.com/bebee_steve/status/1224894492949409792,False,,0,,,,,,,"[{'user_id': '1013911038998089728', 'username': 'bebee_steve'}]",,,,
1224893634593509378,1224893634593509378,1580872374000,2020-02-04,22:12:54,EDT,1013911038998089728,bebee_steve,CGUHSD,,It is Senior Night tonight for the Lady Spartan Varsity Soccer Team. Congratulations to all the seniors and their families! #CGUHSDPRIDE pic.twitter.com/KhtkFoVJ3D,[],[],['https://pbs.twimg.com/media/EP-yRCcU4AQMpX_.jpg'],0,0,2,['#cguhsdpride'],[],https://twitter.com/bebee_steve/status/1224893634593509378,False,,0,,,,,,,"[{'user_id': '1013911038998089728', 'username': 'bebee_steve'}]",,,,
1224782534766030848,1224782534766030848,1580845886000,2020-02-04,14:51:26,EDT,1013911038998089728,bebee_steve,CGUHSD,,CG Union’s Coach Jake Barro and four varsity players talk with the Rotary Club today about opportunities to support the community. #CGUHSDPRIDE pic.twitter.com/Qt1TD0OwIg,[],[],['https://pbs.twimg.com/media/EP9NNwzUYAAX9tN.jpg'],0,4,14,['#cguhsdpride'],[],https://twitter.com/bebee_steve/status/1224782534766030848,False,,0,,,,,,,"[{'user_id': '1013911038998089728', 'username': 'bebee_steve'}]",,,,
1223314853265231873,1223314853265231873,1580495963000,2020-01-31,13:39:23,EDT,1013911038998089728,bebee_steve,CGUHSD,,"Check out the PRIDE Pep Assembly at Vista Grande today. Positive, Respectful, Integrity, Determined, Excellence.
#CGUHSDPRIDE pic.twitter.com/1pOxHNtE7g",[],[],"['https://pbs.twimg.com/media/EPoWXzeVUAAUnj7.jpg', 'https://pbs.twimg.com/media/EPoWXzdUcAAWyO9.jpg', 'https://pbs.twimg.com/media/EPoWXzeUYAAyNDB.jpg', 'https://pbs.twimg.com/media/EPoWX0gUcAAs99h.jpg']",0,3,8,['#cguhsdpride'],[],https://twitter.com/bebee_steve/status/1223314853265231873,False,,0,,,,,,,"[{'user_id': '1013911038998089728', 'username': 'bebee_steve'}]",,,,
1223064371305148416,1223064371305148416,1580436244000,2020-01-30,21:04:04,EDT,1013911038998089728,bebee_steve,CGUHSD,,It is Senior Night for the Lady Spartan Girls Basketball Team tonight. Congratulations to all of the seniors and their families! #CGUHSDPRIDE pic.twitter.com/Y8KwWdyPer,[],[],"['https://pbs.twimg.com/media/EPkyizMVAAASBZ9.jpg', 'https://pbs.twimg.com/media/EPkyjU2UwAAnMUZ.jpg', 'https://pbs.twimg.com/media/EPkyjpXUcAA2dsF.jpg', 'https://pbs.twimg.com/media/EPkyj8UVUAAqkJz.jpg']",0,0,2,['#cguhsdpride'],[],https://twitter.com/bebee_steve/status/1223064371305148416,False,,0,,,,,,,"[{'user_id': '1013911038998089728', 'username': 'bebee_steve'}]",,,,
1223048846357348352,1223048846357348352,1580432542000,2020-01-30,20:02:22,EDT,1013911038998089728,bebee_steve,CGUHSD,,It is Senior Night at CG Union tonight for the Boys Soccer Team. Congratulations to all of the seniors and their families! #CGUHSDPRIDE pic.twitter.com/3t0XqpwTWU,[],[],['https://pbs.twimg.com/media/EPkkcCIUcAA0vHI.jpg'],0,0,6,['#cguhsdpride'],[],https://twitter.com/bebee_steve/status/1223048846357348352,False,,0,,,,,,,"[{'user_id': '1013911038998089728', 'username': 'bebee_steve'}]",,,,
1222928204802822144,1222928204802822144,1580403779000,2020-01-30,12:02:59,EDT,1013911038998089728,bebee_steve,CGUHSD,,"The CGUHS Marine Corps JROTC drill team competed in the Marcos De Niza high school drill meet & won trophies in the following events.
 
1st armed regulation
1st Varsity color guard
2nd armed inspection
2nd unarmed regulation
 
Congratulations Cougars!
#CGUHSDPRIDE pic.twitter.com/v6yXkptbwW",[],[],['https://pbs.twimg.com/media/EPi2uDsU4AEnqKc.jpg'],0,0,5,['#cguhsdpride'],[],https://twitter.com/bebee_steve/status/1222928204802822144,False,,0,,,,,,,"[{'user_id': '1013911038998089728', 'username': 'bebee_steve'}]",,,,
1222636568545878021,1222636568545878021,1580334248000,2020-01-29,16:44:08,EDT,1013911038998089728,bebee_steve,CGUHSD,,"CGUHSD Administrators, Teachers and District Office Staff are all collaborating and learning how to continue to improve our district for all students. #CGUHSDPRIDE
#PLCSummit pic.twitter.com/lJeIvYG2b0",[],[],['https://pbs.twimg.com/media/EPetdwgUcAAi-Ds.jpg'],0,1,3,"['#cguhsdpride', '#plcsummit']",[],https://twitter.com/bebee_steve/status/1222636568545878021,False,,0,,,,,,,"[{'user_id': '1013911038998089728', 'username': 'bebee_steve'}]",,,,
1221603703368474629,1221603703368474629,1580087993000,2020-01-26,20:19:53,EDT,1013911038998089728,bebee_steve,CGUHSD,,Check the Vista Grande Student Council who just attended the State Convention. Way to represent Spartans! #CGUHSDPRIDE pic.twitter.com/ehmOjCKB6K,[],[],"['https://pbs.twimg.com/media/EPQCF2uU4AEoXqi.jpg', 'https://pbs.twimg.com/media/EPQCF2tUEAAaczQ.jpg', 'https://pbs.twimg.com/media/EPQCF2uU0AAQajo.jpg', 'https://pbs.twimg.com/media/EPQCF2xU0AAIlL0.jpg']",0,0,3,['#cguhsdpride'],[],https://twitter.com/bebee_steve/status/1221603703368474629,False,,0,,,,,,,"[{'user_id': '1013911038998089728', 'username': 'bebee_steve'}]",,,,
1221457020684886016,1221457020684886016,1580053021000,2020-01-26,10:37:01,EDT,1013911038998089728,bebee_steve,CGUHSD,,"VG Thespians competed at The Southern Arizona Festival of Theatre & achieved 6 superiors & 1 excellent. Attendees were Arthur Bautista, Jade Martinez, Xela Mae Mercado, Drake Salas, Aaliyas Thompson, Payton Toscano, and Aurora Yoder.
They qualified for Nationals. 
#CGUHSDPRIDE pic.twitter.com/wlTMiiW00g",[],[],['https://pbs.twimg.com/media/EPN8rxDU8AIYC8C.jpg'],0,1,11,['#cguhsdpride'],[],https://twitter.com/bebee_steve/status/1221457020684886016,False,,0,,,,,,,"[{'user_id': '1013911038998089728', 'username': 'bebee_steve'}]",,,,
1220891796252721152,1220891796252721152,1579918261000,2020-01-24,21:11:01,EDT,1013911038998089728,bebee_steve,CGUHSD,,The CG Union Jazz Band did an outstanding job performing at the Greater Chamber of Commerce annual dinner and awards program tonight. Nice job Cougars! #CGUHSDPRIDE pic.twitter.com/x0rL8QDsOu,[],[],['https://pbs.twimg.com/media/EPF6m0hUUAErLl5.jpg'],0,1,10,['#cguhsdpride'],[],https://twitter.com/bebee_steve/status/1220891796252721152,False,,0,,,,,,,"[{'user_id': '1013911038998089728', 'username': 'bebee_steve'}]",,,,
1220482639196327936,1220482639196327936,1579820711000,2020-01-23,18:05:11,EDT,1013911038998089728,bebee_steve,CGUHSD,,The Automotive Robotics students at Vista Grande  gave a presentation and demonstration to Ms. Kortsen’s Freshman Success classes today. #CGUHSDPRIDE pic.twitter.com/ZrEwGEQA6M,[],[],['https://pbs.twimg.com/media/EPAGfTMU4AIXGxk.jpg'],0,0,7,['#cguhsdpride'],[],https://twitter.com/bebee_steve/status/1220482639196327936,False,,0,,,,,,,"[{'user_id': '1013911038998089728', 'username': 'bebee_steve'}]",,,,
1220347048366460928,1220347048366460928,1579788383000,2020-01-23,09:06:23,EDT,1013911038998089728,bebee_steve,CGUHSD,,"Vista Grande Math club attended a  http://mathleague.org  qualifying competition at Sahaurita High School. Victor Wittner and Mark Cruz placed Second and third respectively in the freshman grade level, and junior Tanay Evans qualified for the state competition. #CGUHSDPRIDE pic.twitter.com/WtzTopVhjt",[],['http://mathleague.org'],"['https://pbs.twimg.com/media/EO-LK1eU8AImTwx.jpg', 'https://pbs.twimg.com/media/EO-LK1dUUAAImDv.jpg']",0,0,0,['#cguhsdpride'],[],https://twitter.com/bebee_steve/status/1220347048366460928,False,,0,,,,,,,"[{'user_id': '1013911038998089728', 'username': 'bebee_steve'}]",,,,
1218394023016071169,1218394023016071169,1579322746000,2020-01-17,23:45:46,EDT,1013911038998089728,bebee_steve,CGUHSD,,The Vista Grande Theater Company did an outstanding job with their performance of “Barefoot in the Park” tonight. Nice job Spartans. #CGUHSDPRIDE pic.twitter.com/dQswAkLxWD,[],[],['https://pbs.twimg.com/media/EOia51pVAAAnPlt.jpg'],0,1,4,['#cguhsdpride'],[],https://twitter.com/bebee_steve/status/1218394023016071169,False,,0,,,,,,,"[{'user_id': '1013911038998089728', 'username': 'bebee_steve'}]",,,,
1218301121782878209,1218301121782878209,1579300597000,2020-01-17,17:36:37,EDT,1013911038998089728,bebee_steve,CGUHSD,,Casa Grande Union and Vista Grande CTE Students  from all of our CTE programs visited  CGMS 8th Grade classes today to help our future students learn about CTE. #CGUHSDPRIDE pic.twitter.com/gJAXcL4T4O,[],[],"['https://pbs.twimg.com/media/EOhGaGvU0AAGjcy.jpg', 'https://pbs.twimg.com/media/EOhGaGxU0AAiNX0.jpg', 'https://pbs.twimg.com/media/EOhGaG2U4AASPLd.jpg', 'https://pbs.twimg.com/media/EOhGaGvU8AEgiBB.jpg']",0,3,13,['#cguhsdpride'],[],https://twitter.com/bebee_steve/status/1218301121782878209,False,,0,,,,,,,"[{'user_id': '1013911038998089728', 'username': 'bebee_steve'}]",,,,
1217900251333316608,1217900251333316608,1579205022000,2020-01-16,15:03:42,EDT,1013911038998089728,bebee_steve,CGUHSD,,"Check out the January 2020 edition of the CGUHSD Express by clicking on the following link:

 http://www.cguhsd.org/downloads/CGUHSD-Newsletter-202001.pdf …
#CGUHSDPRIDE pic.twitter.com/NmB2qVpH0v",[],['http://www.cguhsd.org/downloads/CGUHSD-Newsletter-202001.pdf'],['https://pbs.twimg.com/media/EObZ0NYUwAAaOnr.jpg'],0,1,0,['#cguhsdpride'],[],https://twitter.com/bebee_steve/status/1217900251333316608,False,,0,,,,,,,"[{'user_id': '1013911038998089728', 'username': 'bebee_steve'}]",,,,
1216831099101315072,1216831099101315072,1578950116000,2020-01-13,16:15:16,EDT,1013911038998089728,bebee_steve,CGUHSD,,Congratulations DECA students from CG Union who won awards at their District 3 competition last week: Jessica Molina -Top 10% Marketing Comprehensive Exam Scores; Ashton Redd 1st Case Study Role Play &  overall; Justin Willis/ Elliott Opara 1st Case Study Role Play & 2nd overall. pic.twitter.com/NxpQ96sBt3,[],[],['https://pbs.twimg.com/media/EOMNbN5UYAAMJfc.jpg'],0,2,10,[],[],https://twitter.com/bebee_steve/status/1216831099101315072,False,,0,,,,,,,"[{'user_id': '1013911038998089728', 'username': 'bebee_steve'}]",,,,
1215480204069441536,1215480204069441536,1578628037000,2020-01-09,22:47:17,EDT,1013911038998089728,bebee_steve,CGUHSD,,In a very close game the Casa Grande Union Varsity Boys Basketball Team defeated Vista Grande 43 - 39 at home in front of a great crowd tonight.  #CGUHSDPRIDE pic.twitter.com/d2tanYqd6p,[],[],"['https://pbs.twimg.com/media/EN5AzNrU8AA0idz.jpg', 'https://pbs.twimg.com/media/EN5AzNqU0AA953I.jpg', 'https://pbs.twimg.com/media/EN5AzNpU0AAU-Vs.jpg', 'https://pbs.twimg.com/media/EN5AzN2UUAE0Hvw.jpg']",0,3,1,['#cguhsdpride'],[],https://twitter.com/bebee_steve/status/1215480204069441536,False,,0,,,,,,,"[{'user_id': '1013911038998089728', 'username': 'bebee_steve'}]",,,,
1215295532928618496,1215295532928618496,1578584008000,2020-01-09,10:33:28,EDT,1013911038998089728,bebee_steve,CGUHSD,,It was Senior Night last night at Casa Grande Union. Congratulations to all of the seniors and their families! #CGUHSDPRIDE pic.twitter.com/czBYzxUrnV,[],[],['https://pbs.twimg.com/media/EN2Y14kU0AAxhA8.jpg'],0,0,2,['#cguhsdpride'],[],https://twitter.com/bebee_steve/status/1215295532928618496,False,,0,,,,,,,"[{'user_id': '1013911038998089728', 'username': 'bebee_steve'}]",,,,
1214572041363345408,1214572041363345408,1578411514000,2020-01-07,10:38:34,EDT,1013911038998089728,bebee_steve,CGUHSD,,Congratulations to the Blue Notes from Casa Grande Union who performed at the Arizona Bowl in Tucson over the winter break. #CGUHSDPRIDE pic.twitter.com/yU8cSS4MTB,[],[],"['https://pbs.twimg.com/media/ENsG1REUwAA4EFj.jpg', 'https://pbs.twimg.com/media/ENsG1REUYAEnkPB.jpg']",1,1,4,['#cguhsdpride'],[],https://twitter.com/bebee_steve/status/1214572041363345408,False,,0,,,,,,,"[{'user_id': '1013911038998089728', 'username': 'bebee_steve'}]",,,,
1214235384139272192,1214235384139272192,1578331249000,2020-01-06,12:20:49,EDT,1013911038998089728,bebee_steve,CGUHSD,,Check out the Vista Key Club ringing the bell for the Salvation Army. Way to go Spartans! #CGUHSDPRIDE pic.twitter.com/H3FeO4hIPm,[],[],"['https://pbs.twimg.com/media/ENnUpRMU0AUjs8Q.jpg', 'https://pbs.twimg.com/media/ENnUpRNUYAEmDmm.jpg']",0,0,3,['#cguhsdpride'],[],https://twitter.com/bebee_steve/status/1214235384139272192,False,,0,,,,,,,"[{'user_id': '1013911038998089728', 'username': 'bebee_steve'}]",,,,
1208069121327300610,1208069121327300610,1576861098000,2019-12-20,11:58:18,EDT,1013911038998089728,bebee_steve,CGUHSD,,"Check out the CG Union All-Academic All State Honors Football Team 4A-5A Members:

Caden Robbins & Angel Flores -1st Team

Brady Stephens, Cole Auza, Darrell Penn, Gregory Velazquez, Jacob Thomas & Jake Sylvestre -Honorable Mention

#CGUHSDPRIDE pic.twitter.com/YwlDrEyPsk",[],[],['https://pbs.twimg.com/media/EMPsdnbUwAAmzO5.jpg'],1,3,10,['#cguhsdpride'],[],https://twitter.com/bebee_steve/status/1208069121327300610,False,,0,,,,,,,"[{'user_id': '1013911038998089728', 'username': 'bebee_steve'}]",,,,
1206626747388588032,1206626747388588032,1576517209000,2019-12-16,12:26:49,EDT,1013911038998089728,bebee_steve,CGUHSD,,Congratulations to the Vista Grande We the People Team who took 1st place in their Regional on Saturday. They will now be moving on to State on Friday January 10th.  Fight on Spartans and good luck at State! #CGUHSDPRIDE pic.twitter.com/MDDZs9aqmV,[],[],"['https://pbs.twimg.com/media/EL7MnsTU0AIoVrU.jpg', 'https://pbs.twimg.com/media/EL7MnsUU0Awmqrk.jpg']",0,2,8,['#cguhsdpride'],[],https://twitter.com/bebee_steve/status/1206626747388588032,False,,0,,,,,,,"[{'user_id': '1013911038998089728', 'username': 'bebee_steve'}]",,,,
1206621256117714944,1206621256117714944,1576515900000,2019-12-16,12:05:00,EDT,1013911038998089728,bebee_steve,CGUHSD,,I really enjoyed the door decorating contest at Vista Grande last week. Stopped and took a sELFie at Ms. Mummert’s class. #CGUHSDPRIDE pic.twitter.com/4musxfP0US,[],[],['https://pbs.twimg.com/media/EL7HooAUEAAK98U.jpg'],0,1,10,['#cguhsdpride'],[],https://twitter.com/bebee_steve/status/1206621256117714944,False,,0,,,,,,,"[{'user_id': '1013911038998089728', 'username': 'bebee_steve'}]",,,,
1206619208995368960,1206619208995368960,1576515411000,2019-12-16,11:56:51,EDT,1013911038998089728,bebee_steve,CGUHSD,,"Check out the December Edition of the CGUHSD Express by clicking on the following link:

 http://www.cguhsd.org/protected/ArticleView.aspx?iid=6GA333B&dasi=4GPG2 …
#CGUHSDPRIDE pic.twitter.com/i3Oehtf0Bs",[],['http://www.cguhsd.org/protected/ArticleView.aspx?iid=6GA333B&dasi=4GPG2'],['https://pbs.twimg.com/media/EL7FxULU4AAa2PI.jpg'],0,2,2,['#cguhsdpride'],[],https://twitter.com/bebee_steve/status/1206619208995368960,False,,0,,,,,,,"[{'user_id': '1013911038998089728', 'username': 'bebee_steve'}]",,,,
1205549459033092096,1205549459033092096,1576260363000,2019-12-13,13:06:03,EDT,1013911038998089728,bebee_steve,CGUHSD,,The preschoolers at Vista Grande did a wonderful job with their Winter Program this morning. #CGUHSDPRIDE pic.twitter.com/3ivX8MxQsg,[],[],['https://pbs.twimg.com/media/ELr414GVUAAyztf.jpg'],0,1,4,['#cguhsdpride'],[],https://twitter.com/bebee_steve/status/1205549459033092096,False,,0,,,,,,,"[{'user_id': '1013911038998089728', 'username': 'bebee_steve'}]",,,,
1205303597073723392,1205303597073723392,1576201745000,2019-12-12,20:49:05,EDT,1013911038998089728,bebee_steve,CGUHSD,,Congratulations to CG Union’s Mr. David Carter who was just named the Best Teacher in Casa Grande in the Greatest of the Grande Annual Awards! #CGUHSDPRIDE pic.twitter.com/07I90u8Djo,[],[],['https://pbs.twimg.com/media/ELoZOq-U4AA3DLa.jpg'],2,25,93,['#cguhsdpride'],[],https://twitter.com/bebee_steve/status/1205303597073723392,False,,0,,,,,,,"[{'user_id': '1013911038998089728', 'username': 'bebee_steve'}]",,,,
1205294041828474880,1205294041828474880,1576199467000,2019-12-12,20:11:07,EDT,1013911038998089728,bebee_steve,CGUHSD,,Vista Grande’s Mr. Estrada-Vega presented their new Automation Robotics CTE course at the Kiwanis meeting this morning. #CGUHSDPRIDE pic.twitter.com/G1A0TQvjlz,[],[],['https://pbs.twimg.com/media/ELoQiNQUEAAVC1R.jpg'],0,0,4,['#cguhsdpride'],[],https://twitter.com/bebee_steve/status/1205294041828474880,False,,0,,,,,,,"[{'user_id': '1013911038998089728', 'username': 'bebee_steve'}]",,,,
1204412745237483524,1204412745237483524,1575989350000,2019-12-10,09:49:10,EDT,1013911038998089728,bebee_steve,CGUHSD,,"The Vista Grande SkillsUSA and Thespian students putting together toiletries, socks, etc in bags that can be worn as backpacks for the homeless that they sewed themselves. #CGUHSDPRIDE pic.twitter.com/KphyvupLzW",[],[],"['https://pbs.twimg.com/media/ELbvAHBU0AMlfcm.jpg', 'https://pbs.twimg.com/media/ELbvAHAU4AUHuuY.jpg', 'https://pbs.twimg.com/media/ELbvAHAVUAEH5Tq.jpg', 'https://pbs.twimg.com/media/ELbvAHAU8AA_vew.jpg']",0,3,4,['#cguhsdpride'],[],https://twitter.com/bebee_steve/status/1204412745237483524,False,,0,,,,,,,"[{'user_id': '1013911038998089728', 'username': 'bebee_steve'}]",,,,
1203492765297827845,1203492765297827845,1575770009000,2019-12-07,20:53:29,EDT,1013911038998089728,bebee_steve,CGUHSD,,Check out the CG Union and Vista Grande Key Clubs representing big time at the Electric Light Parade tonight! #CGUHSDPRIDE pic.twitter.com/spHHqejTc9,[],[],['https://pbs.twimg.com/media/ELOpmZVUYAAce4w.jpg'],0,0,2,['#cguhsdpride'],[],https://twitter.com/bebee_steve/status/1203492765297827845,False,,0,,,,,,,"[{'user_id': '1013911038998089728', 'username': 'bebee_steve'}]",,,,
1203057301441007616,1203057301441007616,1575666187000,2019-12-06,16:03:07,EDT,1013911038998089728,bebee_steve,CGUHSD,,The Cougar Cub Winter Program was a huge hit this afternoon at CG Union. Great job future Cougars! #CGUHSDPRIDE pic.twitter.com/mYNcDpHh2K,[],[],['https://pbs.twimg.com/media/ELIePL_UcAEFsMg.jpg'],0,2,6,['#cguhsdpride'],[],https://twitter.com/bebee_steve/status/1203057301441007616,False,,0,,,,,,,"[{'user_id': '1013911038998089728', 'username': 'bebee_steve'}]",,,,
1202610380704374785,1202610380704374785,1575559632000,2019-12-05,10:27:12,EDT,1013911038998089728,bebee_steve,CGUHSD,,Congratulations to Mr. Casey Farnsworth who received the Governor's Award 2019 Agricultural Educator of the Year at the Arizona Agribusiness Roundtable held Monday Dec. 2nd 2019. Thank you for your service and all that you do for students in CGUHSD. #CGUHSDPRIDE pic.twitter.com/y7vD91YIPH,[],[],['https://pbs.twimg.com/media/ELCHxAOUUAAnOe_.png'],1,4,18,['#cguhsdpride'],[],https://twitter.com/bebee_steve/status/1202610380704374785,False,,0,,,,,,,"[{'user_id': '1013911038998089728', 'username': 'bebee_steve'}]",,,,
1199688334827634689,1199688334827634689,1574862962000,2019-11-27,08:56:02,EDT,1013911038998089728,bebee_steve,CGUHSD,,The Vista Grande Freshman Student Class bought gifts for Christmas angels. Way to give back Spartans! #CGUHSDPRIDE pic.twitter.com/CTTYd1nt2d,[],[],['https://pbs.twimg.com/media/EKYmLVoVUAEXiPl.jpg'],0,2,8,['#cguhsdpride'],[],https://twitter.com/bebee_steve/status/1199688334827634689,False,,0,,,,,,,"[{'user_id': '1013911038998089728', 'username': 'bebee_steve'}]",,,,
1199419393043648512,1199419393043648512,1574798842000,2019-11-26,15:07:22,EDT,1013911038998089728,bebee_steve,CGUHSD,,CG Union and Vista Grande Technology Service Centers now have wireless hotspots available for checkout to students with no internet in the home. Visit  http://www.cguhsd.org/Hotspot.aspx  for more information. #CGUHSDPRIDE pic.twitter.com/CtDF0KHnRd,[],['http://www.cguhsd.org/Hotspot.aspx'],['https://pbs.twimg.com/media/EKUxlH4UcAA1OSM.jpg'],0,2,3,['#cguhsdpride'],[],https://twitter.com/bebee_steve/status/1199419393043648512,False,,0,,,,,,,"[{'user_id': '1013911038998089728', 'username': 'bebee_steve'}]",,,,
1199416856848650240,1199416856848650240,1574798237000,2019-11-26,14:57:17,EDT,1013911038998089728,bebee_steve,CGUHSD,,Check out the Vista Grande Key Club helping stock the shelves at the CG Food Bank. Way to go Spartans! #CGUHSDPRIDE pic.twitter.com/A6sZxaqK1z,[],[],"['https://pbs.twimg.com/media/EKUvRKxU8AAxqwQ.jpg', 'https://pbs.twimg.com/media/EKUvRKxUwAAgyRr.jpg', 'https://pbs.twimg.com/media/EKUvRKxUYAE2i31.jpg', 'https://pbs.twimg.com/media/EKUvRKwUwAEItkt.jpg']",0,1,7,['#cguhsdpride'],[],https://twitter.com/bebee_steve/status/1199416856848650240,False,,0,,,,,,,"[{'user_id': '1013911038998089728', 'username': 'bebee_steve'}]",,,,
1199025983170334720,1199025983170334720,1574705045000,2019-11-25,13:04:05,EDT,1013911038998089728,bebee_steve,CGUHSD,,Had the opportunity to hang out at CG Union this morning with Mayor McFarland to watch Mr. Farnsworth's FFA students processing turkeys to help feed CG families in need. Way to go Cougars! #CGUHSDPRIDE pic.twitter.com/QfIGAgGCF4,[],[],"['https://pbs.twimg.com/media/EKPLxBdUwAAWa6p.jpg', 'https://pbs.twimg.com/media/EKPLxBdU8AAIMji.jpg', 'https://pbs.twimg.com/media/EKPLxBdUcAIou5t.jpg', 'https://pbs.twimg.com/media/EKPLxCcUcAEqJLt.jpg']",1,2,13,['#cguhsdpride'],[],https://twitter.com/bebee_steve/status/1199025983170334720,False,,0,,,,,,,"[{'user_id': '1013911038998089728', 'username': 'bebee_steve'}]",,,,
1199020630001111040,1199020630001111040,1574703769000,2019-11-25,12:42:49,EDT,1013911038998089728,bebee_steve,CGUHSD,,"Congrats to the CGUHS Marine Corps JROTC drill team at Buena HS: 
1st unarmed exhibition, armed exhibition, armed 4 person exhibition, varsity Color Guard, challenge Color Guard, drill down & overall 
2nd -armed inspection 
3rd unarmed inspection & unarmed 4 person exhibition. pic.twitter.com/9ndn9kUIzy",[],[],"['https://pbs.twimg.com/media/EKPG6C1VAAAGpX6.jpg', 'https://pbs.twimg.com/media/EKPG6C0UcAIrQP6.jpg']",0,3,11,[],[],https://twitter.com/bebee_steve/status/1199020630001111040,False,,0,,,,,,,"[{'user_id': '1013911038998089728', 'username': 'bebee_steve'}]",,,,
1197899301550080000,1197899301550080000,1574436424000,2019-11-22,10:27:04,EDT,1013911038998089728,bebee_steve,CGUHSD,,"Yesterday, Vista Grande juniors and seniors had the opportunity to tour the  U of A campus. Thank you U of A. #CGUHSDPRIDE pic.twitter.com/JpfEyJl65q",[],[],['https://pbs.twimg.com/media/EJ_LECZUwAEq1P3.jpg'],0,1,6,['#cguhsdpride'],[],https://twitter.com/bebee_steve/status/1197899301550080000,False,,0,,,,,,,"[{'user_id': '1013911038998089728', 'username': 'bebee_steve'}]",,,,
1197589727957798912,1197589727957798912,1574362615000,2019-11-21,13:56:55,EDT,1013911038998089728,bebee_steve,CGUHSD,,Check out the CAVIT/CTE showcase. They had all CAVIT programs and all the CTE classes displaying and giving information on their programs to sophomores. #CGUHSDPRIDE pic.twitter.com/pS3HRGNRZZ,[],[],"['https://pbs.twimg.com/media/EJ6xgYzU0AURmZU.jpg', 'https://pbs.twimg.com/media/EJ6xgYzUYAAt0I7.jpg', 'https://pbs.twimg.com/media/EJ6xgYzU4AAMIhc.jpg', 'https://pbs.twimg.com/media/EJ6xgZVU8AAhQAI.jpg']",0,2,5,['#cguhsdpride'],[],https://twitter.com/bebee_steve/status/1197589727957798912,False,,0,,,,,,,"[{'user_id': '1013911038998089728', 'username': 'bebee_steve'}]",,,,
1196479274426912770,1196479274426912770,1574097863000,2019-11-18,12:24:23,EDT,1013911038998089728,bebee_steve,CGUHSD,,"Congratulations to the CGUHS JROTC drill team who competed at Hamilton HS & won trophies in the following events: 1st place unarmed regulation 2nd place unarmed exhibition, 4 person unarmed exhibition & varsity color guard. 3rd place armed regulation & overall. #CGUHSDPRIDE pic.twitter.com/azKd0wSgep",[],[],['https://pbs.twimg.com/media/EJq_jcPVUAEeTxF.jpg'],0,0,6,['#cguhsdpride'],[],https://twitter.com/bebee_steve/status/1196479274426912770,False,,0,,,,,,,"[{'user_id': '1013911038998089728', 'username': 'bebee_steve'}]",,,,
1196442804081197056,1196442804081197056,1574089167000,2019-11-18,09:59:27,EDT,1013911038998089728,bebee_steve,CGUHSD,,"Congratulations to the Vista Grande Cross Country Team.Senior Brynna McQuillen finished 4th in State Cross Country Finals. 
The Girls team placed 13th and the boys placed 23rd. #CGUHSDPRIDE pic.twitter.com/D0tnln4kXX",[],[],[],0,0,12,['#cguhsdpride'],[],https://twitter.com/bebee_steve/status/1196442804081197056,False,,1,,,,,,,"[{'user_id': '1013911038998089728', 'username': 'bebee_steve'}]",,,,
1195555902708842496,1195555902708842496,1573877714000,2019-11-15,23:15:14,EDT,1013911038998089728,bebee_steve,CGUHSD,,Congratulations to the CG Union Fine Arts Department for their production of The Snow Queen tonight. There are 2 shows tomorrow at 2 and 7 pm & 2 pm on Sunday. #CGUHSDPRIDE pic.twitter.com/Cg4zKScNS8,[],[],['https://pbs.twimg.com/media/EJd3vnCU0AA3PTW.jpg'],0,0,6,['#cguhsdpride'],[],https://twitter.com/bebee_steve/status/1195555902708842496,False,,0,,,,,,,"[{'user_id': '1013911038998089728', 'username': 'bebee_steve'}]",,,,
1195458132266192896,1195458132266192896,1573854403000,2019-11-15,16:46:43,EDT,1013911038998089728,bebee_steve,CGUHSD,,"Hot off the press....Check out the November edition of the CGUHSD Express by clicking on the following link:
 http://www.cguhsd.org/doNewsletter.aspx …
#CGUHSDPRIDE pic.twitter.com/fPhaoxGa55",[],['http://www.cguhsd.org/doNewsletter.aspx'],['https://pbs.twimg.com/media/EJce1XvUUAEvV_e.jpg'],0,1,2,['#cguhsdpride'],[],https://twitter.com/bebee_steve/status/1195458132266192896,False,,0,,,,,,,"[{'user_id': '1013911038998089728', 'username': 'bebee_steve'}]",,,,
1195152158569553922,1195152158569553922,1573781454000,2019-11-14,20:30:54,EDT,1013911038998089728,bebee_steve,CGUHSD,,Check out Vista Grande Vanguard’s last performance of 2019: They did a Tribute to Ten Years of Vista Grande High School. #CGUHSDPRIDE pic.twitter.com/IMXYUOFArn,[],[],"['https://pbs.twimg.com/media/EJYIjTuU8AAsdrl.jpg', 'https://pbs.twimg.com/media/EJYIjTwU0AAaHhE.jpg']",0,0,7,['#cguhsdpride'],[],https://twitter.com/bebee_steve/status/1195152158569553922,False,,0,,,,,,,"[{'user_id': '1013911038998089728', 'username': 'bebee_steve'}]",,,,
1194694084478169089,1194694084478169089,1573672240000,2019-11-13,14:10:40,EDT,1013911038998089728,bebee_steve,CGUHSD,,"Congratulations to CG Union's Angel Flores who was named the Fox Sports Scholar Athlete of the Week!  Angel is a 1st team all conference Quarterback and has a 3.902 GPA. 
Angel will be featured on Arizona Sports Radio 98.7 FM at 12:45 PM & 3:45 today. #CGUHSDPRIDE pic.twitter.com/7tCekuJbGi",[],[],['https://pbs.twimg.com/media/EJRn7_sVAAAmxW0.jpg'],0,5,16,['#cguhsdpride'],[],https://twitter.com/bebee_steve/status/1194694084478169089,False,,0,,,,,,,"[{'user_id': '1013911038998089728', 'username': 'bebee_steve'}]",,,,
1194096759296921600,1194096759296921600,1573529827000,2019-11-11,22:37:07,EDT,1013911038998089728,bebee_steve,CGUHSD,,"Congratulations to the VG cross country teams who each made the state finals!
Kenny Hernandez qualified individually.  The Girls’ team took 2nd. ALL 5 girls qualified for state. 
Brynna McQuillen took 1st Div. III Section 1 Champion! 
State on Saturday, Nov. 16th. #CGUHSDPRIDE pic.twitter.com/oWn5nFPoFQ",[],[],['https://pbs.twimg.com/media/EJJIqyBXsAE4gyH.jpg'],1,1,7,['#cguhsdpride'],[],https://twitter.com/bebee_steve/status/1194096759296921600,False,,0,,,,,,,"[{'user_id': '1013911038998089728', 'username': 'bebee_steve'}]",,,,
1194095386140520448,1194095386140520448,1573529499000,2019-11-11,22:31:39,EDT,1013911038998089728,bebee_steve,CGUHSD,,Check out the Vista Grande JROTC celebrating the Marine Corp birthday of 244 years. #CGUHSDPRIDE pic.twitter.com/3vnOwuMPdG,[],[],['https://pbs.twimg.com/media/EJJHa-oWsAMZL6k.jpg'],0,0,1,['#cguhsdpride'],[],https://twitter.com/bebee_steve/status/1194095386140520448,False,,0,,,,,,,"[{'user_id': '1013911038998089728', 'username': 'bebee_steve'}]",,,,
1193899992827588610,1193899992827588610,1573482914000,2019-11-11,09:35:14,EDT,1013911038998089728,bebee_steve,CGUHSD,,Congratulations Pride of CG Union Marching Band.  Saturday they were 3rd @ AzMBA & qualified for the Arizona Grand Championships & awarded outstanding visual performance.  Sunday @ the Grand Championships they were 2nd &  awarded outstanding percussion section. #CGUHSDPRIDE pic.twitter.com/gDxOCh8PQ2,[],[],['https://pbs.twimg.com/media/EJGVth7UUAIojyv.jpg'],0,3,10,['#cguhsdpride'],[],https://twitter.com/bebee_steve/status/1193899992827588610,False,,0,,,,,,,"[{'user_id': '1013911038998089728', 'username': 'bebee_steve'}]",,,,
1193177907817926658,1193177907817926658,1573310756000,2019-11-09,09:45:56,EDT,1013911038998089728,bebee_steve,CGUHSD,,Congratulations to the CG Union Cougars who defeated Walden Grove 26-19 last night. They will play Desert Edge next week in round 2 of the playoffs! #CGUHSDPRIDE pic.twitter.com/xVtzzXBjM3,[],[],['https://pbs.twimg.com/media/EI8E-wNUEAAGsF_.jpg'],0,2,14,['#cguhsdpride'],[],https://twitter.com/bebee_steve/status/1193177907817926658,False,,0,,,,,,,"[{'user_id': '1013911038998089728', 'username': 'bebee_steve'}]",,,,
1192554564072828928,1192554564072828928,1573162139000,2019-11-07,16:28:59,EDT,1013911038998089728,bebee_steve,CGUHSD,,Vista Student Council attended the AASC   Advisor/President luncheon yesterday for some motivation and round table discussions with student councils from all over the state. #CGUHSDPRIDE pic.twitter.com/AUfhjhlQYL,[],[],['https://pbs.twimg.com/media/EIzODe7U0AAOYU5.jpg'],0,2,6,['#cguhsdpride'],[],https://twitter.com/bebee_steve/status/1192554564072828928,False,,0,,,,,,,"[{'user_id': '1013911038998089728', 'username': 'bebee_steve'}]",,,,
1192112583316103168,1192112583316103168,1573056762000,2019-11-06,11:12:42,EDT,1013911038998089728,bebee_steve,CGUHSD,,Thank you to Mr. Farnsworth and his students who built a BBQ grill for the Casa Grande Elementary School District. Job well done Cougars! #CGUHSDPRIDE pic.twitter.com/G5IlLcq59T,[],[],['https://pbs.twimg.com/media/EIs8EfiVUAAMhxu.jpg'],0,5,19,['#cguhsdpride'],[],https://twitter.com/bebee_steve/status/1192112583316103168,False,,0,,,,,,,"[{'user_id': '1013911038998089728', 'username': 'bebee_steve'}]",,,,
